{
  "listItems": [
    {"name":"eCommerce Dashboard", "url":"dashboard/ecommerce","icon":"bx bx-desktop"},
    {"name":"Analytics Dashboard", "url":"dashboard/analytics","icon":"bx bx-desktop"},
    {"name":"Email", "url":"app/email","icon":"bx bx-envelope"},
    {"name":"Chat", "url":"app/chat","icon":"bx bx-chat"},
    {"name":"Todo", "url":"app/todo","icon":"bx bx-check-circle"},
    {"name":"Calendar", "url":"app/calendar","icon":"bx bx-calendar"},
    {"name":"Kanban", "url":"app/kanban","icon":"bx bx-grid-alt"},
    {"name":"Invoice List", "url":"app/invoice/list","icon":"bx bx-file"},
    {"name":"Invoice", "url":"app/invoice/view","icon":"bx bx-file"},
    {"name":"Invoice Edit", "url":"app/invoice/edit","icon":"bx bx-file"},
    {"name":"Invoice Add", "url":"app/invoice/add","icon":"bx bx-file"},
    {"name":"File Manager", "url":"app/file-manager","icon":"bx bx-save"},
    {"name":"Users List", "url":"app/users/list","icon":"bx bx-search"},
    {"name":"Users View", "url":"app/users/view","icon":"bx bx-search"},
    {"name":"Users Edit", "url":"app/users/edit","icon":"bx bx-search"},

    {"name":"Content - Grid", "url":"content/grid","icon":"bx bx-repeat"},
    {"name":"Content - Typography", "url":"content/typography","icon":"bx bx-edit-alt"},
    {"name":"Content - Text Utilities", "url":"content/text-utilities","icon":"bx bx-font-color"},
    {"name":"Content - Syntax Highlighter", "url":"content/syntax-highlighter","icon":"bx bx-highlight"},
    {"name":"Content - Helper Classes", "url":"content/helper-classes","icon":"bx bx-help-circle"},

    {"name":"Colors", "url":"content/colors","icon":"bx bx-droplet"},
    {"name":"LivIcons", "url":"icons/livicons","icon":"bx bx-map-pin"},
    {"name":"Boxicons", "url":"icons/boxicons","icon":"bx bx-user-pin"},

    {"name":"Card Basic", "url":"card/basic","icon":"bx bx-id-card"},
    {"name":"Card Actions", "url":"card/actions","icon":"bx bx-grid-alt"},
    {"name":"Widgets", "url":"card/widgets","icon":"bx bx-grid"},

    {"name":"Alerts", "url":"component/alerts","icon":"bx bx-error"},
    {"name":"Buttons", "url":"component/buttons-basic","icon":"bx bx-plus-circle"},
    {"name":"Breadcrumbs", "url":"component/breadcrumbs","icon":"bx bx-dots-horizontal-rounded"},
    {"name":"Carousel", "url":"component/carousel","icon":"bx bx-map-alt"},
    {"name":"Collapse", "url":"component/collapse","icon":"bx bx-exit-fullscreen"},
    {"name":"Dropdowns", "url":"component/dropdowns","icon":"bx bx-archive-in"},
    {"name":"List Group", "url":"component/list-group","icon":"bx bx-list-ol"},
    {"name":"Modals", "url":"component/modals","icon":"bx bx-layout"},
    {"name":"Pagination", "url":"component/pagination","icon":"bx bx-chevrons-right"},
    {"name":"Navbar", "url":"component/navbar","icon":"bx bx-dock-top"},
    {"name":"Tabs", "url":"component/tabs-component","icon":"bx bx-server"},
    {"name":"Pills", "url":"component/pills-component","icon":"bx bx-toggle-right"},
    {"name":"Tooltips", "url":"component/tooltips","icon":"bx bx-message-alt-dots"},
    {"name":"Popovers", "url":"component/popovers","icon":"bx bx-message-alt"},
    {"name":"Badges", "url":"component/badges","icon":"bx bx-square-rounded"},
    {"name":"Pill Badges", "url":"component/pill-badges","icon":"bx bx-check-circle"},
    {"name":"Progress", "url":"component/progress","icon":"bx bx-slider"},
    {"name":"Media Objects", "url":"component/media-objects","icon":"bx bx-image-alt"},
    {"name":"Spinner", "url":"component/spinner","icon":"bx bx-loader-circle"},
    {"name":"Toasts", "url":"component/bs-toast","icon":"bx bx-server"},

    {"name":"Avatar", "url":"extra-component/avatar","icon":"bx bx-user-circle"},
    {"name":"Chips", "url":"extra-component/chips","icon":"bx bx-x-circle"},
    {"name":"Divider", "url":"extra-component/divider","icon":"bx bx-space-bar"},

    {"name":"Input", "url":"form/inputs","icon":"bx bx-receipt"},
    {"name":"Input Groups", "url":"form/input-groups","icon":"bx bx-book-content"},
    {"name":"Number Input", "url":"form/number-input","icon":"bx bx-plus"},
    {"name":"Select", "url":"form/select","icon":"bx bx-select-multiple"},
    {"name":"Radio", "url":"form/radio","icon":"bx bx-radio-circle-marked"},
    {"name":"Checkbox", "url":"form/checkbox","icon":"bx bx-checkbox-square"},
    {"name":"Switch", "url":"form/switch","icon":"bx bx-toggle-left"},
    {"name":"Textarea", "url":"form/textarea","icon":"bx bx-font-family"},
    {"name":"Date & Time Picker", "url":"form/date-time-picker","icon":"bx bx-calendar"},
    {"name":"Quill Editor", "url":"form/quill-editor","icon":"bx bx-edit"},
    {"name":"File Uploader", "url":"form/file-uploader","icon":"bx bx-upload"},

    {"name":"Form Layout", "url":"form/layout","icon":"bx bx-layout"},
    {"name":"Form Wizard", "url":"form/wizard","icon":"bx bx-layer"},
    {"name":"Form Validation", "url":"form/validation","icon":"bx bx-check-square"},
    {"name":"Form Repeater", "url":"form/repeater","icon":"bx bx-copy-alt"},
    {"name":"Table", "url":"table","icon":"bx bx-table"},
    {"name":"Table extended", "url":"table/extended","icon":"bx bx-grid"},
    {"name":"Datatable", "url":"table/datatable","icon":"bx bx-grid-alt"},

    {"name":"Login Page", "url":"auth/login","icon":"bx bx-download"},
    {"name":"Register Page", "url":"auth/register","icon":"bx bx-user-plus"},
    {"name":"Forgot Password Page", "url":"auth/forgot-password","icon":"bx bx-map-pin"},
    {"name":"Reset Password Page", "url":"auth/reset-password","icon":"bx bx-repost"},
    {"name":"Lock Screen Page", "url":"auth/lock-screen","icon":"bx bx-lock-open"},
    {"name":"Coming Soon Page", "url":"misc/coming-soon","icon":"bx bx-time"},
    {"name":"404 Page", "url":"misc/error-404","icon":"bx bx-error"},
    {"name":"500 Page", "url":"misc/error-500","icon":"bx bx-error"},
    {"name":"Not Authorized Page", "url":"misc/not-authorized","icon":"bx bx-user-x"},
    {"name":"Maintenance Page", "url":"misc/maintenance","icon":"bx bx-first-aid"},

    {"name":"User Profile", "url":"page/user/profile","icon":"bx bx-user"},
    {"name":"FAQ Page", "url":"page/faq","icon":"bx bx-help-circle"},
    {"name":"Knowledge Base", "url":"page/knowledge-base","icon":"bx bx-error-circle"},
    {"name":"Search", "url":"page/search","icon":"bx bx-search"},
    {"name":"Account Settings", "url":"page/account-settings","icon":"bx bx-wrench"},

    {"name":"Apex Chart", "url":"chart/apex","icon":"bx bx-bar-chart-alt"},
    {"name":"Chartjs Chart", "url":"chart/chartjs","icon":"bx bx-line-chart"},
    {"name":"Chartist", "url":"chart/chartist","icon":"bx bx-pie-chart-alt"},
    {"name":"Leaflet Maps", "url":"maps/leaflet","icon":"bx bx-map"},

    {"name":"Sweet Alert", "url":"extension/sweet-alerts","icon":"bx bx-error"},
    {"name":"Toastr", "url":"extension/toastr","icon":"bx bx-map-alt"},
    {"name":"NoUi Slider", "url":"extension/noui-slider","icon":"bx bx-slider-alt"},
    {"name":"Drag & Drop", "url":"extension/drag-drop","icon":"bx bx-copy-alt"},
    {"name":"Tour", "url":"extension/tour","icon":"bx bx-paper-plane"},
    {"name":"Swiper", "url":"extension/swiper","icon":"bx bx-tab"},
    {"name":"Treeview", "url":"extension/treeview","icon":"bx bx-menu-alt-left"},
    {"name":"Block-UI", "url":"extension/block-ui","icon":"bx bx-fullscreen"},
    {"name":"Media Player", "url":"extension/media-player","icon":"bx bx-music"},
    {"name":"Miscellaneous", "url":"extension/miscellaneous","icon":"bx bx-sitemap"},
    {"name":"I18n", "url":"extension/i18n","icon":"bx bx-globe"},
    {"name":"Ratings", "url":"extension/ratings","icon":"bx bx-star"},

    {"name":"Kurumsal", "url":"admin/about/corporate","icon":"bx bx-building"}
  ]
}
